Company,Position,URL
에너자이,(임베디드) 소프트웨어 & AI 컴파일러 엔지니어,https://career.programmers.co.kr/job_positions/11389
에너자이,ML Engineer/Researcher,https://career.programmers.co.kr/job_positions/11388
클레온,AI Deep Learning Engineer 딥러닝 엔지니어 (전문연구요원 가능),https://career.programmers.co.kr/job_positions/14595
오케스트로,Back-end Engineer,https://career.programmers.co.kr/job_positions/14576
디에스랩글로벌,웹 백엔드 개발자 (Python),https://career.programmers.co.kr/job_positions/13357
수호아이오,(Audit) Security Researcher,https://career.programmers.co.kr/job_positions/10287
페이타랩,[패스오더] 데이터 엔지니어(그로스해커),https://career.programmers.co.kr/job_positions/11973
퀀타매트릭스,머신러닝 엔지니어/ 데이터사이언티스트,https://career.programmers.co.kr/job_positions/14393
미리디,[미리디] Jr.백엔드 개발자 - 이미지 프로세싱,https://career.programmers.co.kr/job_positions/14098
아이비베리,서버/백엔드 개발,https://career.programmers.co.kr/job_positions/4549
어뮤즈랩,AI 미디어 개발자,https://career.programmers.co.kr/job_positions/14254
위시켓,[위시켓 개발팀] 웹 개발자,https://career.programmers.co.kr/job_positions/14485
로민,[로민] AI 솔루션 운영 개발자,https://career.programmers.co.kr/job_positions/11127
로민,"[로민] AI 솔루션, 자연어처리 개발자",https://career.programmers.co.kr/job_positions/11130
로민,"[로민] AI 솔루션, 컴퓨터비전 개발자",https://career.programmers.co.kr/job_positions/11129
에이스랩,자율주행 시스템 개발자 - 자율주행 데브코스 수강생 전용,https://career.programmers.co.kr/job_positions/13789
에이스랩,자율주행 소프트웨어 개발자 - 자율주행 데브코스 수강생 전용,https://career.programmers.co.kr/job_positions/13791
모두싸인,DevOps 엔지니어,https://career.programmers.co.kr/job_positions/3881
휴레이포지티브,[휴레이] 머신러닝 개발자,https://career.programmers.co.kr/job_positions/3616
페이타랩,"[패스오더] 백엔드(Spring, Python, MSA)개발자 (병역특례 산업기능요원 보충역/전직가능)",https://career.programmers.co.kr/job_positions/9647
일루미나리안,데브옵스 엔지니어(DevOps Engineer),https://career.programmers.co.kr/job_positions/7813
스페이스워크,Data Scientist,https://career.programmers.co.kr/job_positions/5091
인플루엔셜,[윌라] 백엔드 개발자,https://career.programmers.co.kr/job_positions/4039
클로봇,모바일 로봇 제어 SW 개발자,https://career.programmers.co.kr/job_positions/13069
클로봇,모바일 로봇 자율주행 SW 개발자,https://career.programmers.co.kr/job_positions/13068
단비교육,백엔드 주니어 개발자,https://career.programmers.co.kr/job_positions/14378
빅픽처팀,"NLP / TTS 연구원 , 데이터 엔지니어, 데이터 사이언스",https://career.programmers.co.kr/job_positions/12735
로그프레소,데이터베이스 엔진 개발자,https://career.programmers.co.kr/job_positions/14316
핀그램,소프트웨어 개발자,https://career.programmers.co.kr/job_positions/8411
콘캣,AI 기반 질병예측&챗봇 서비스 개발,https://career.programmers.co.kr/job_positions/14322
드림어스컴퍼니,[오디오플랫폼 FLO] Python 기반 빅데이터 처리 개발자,https://career.programmers.co.kr/job_positions/12321
111퍼센트,데이터 엔지니어,https://career.programmers.co.kr/job_positions/9439
Superb AI,Software Engineer (Customer Success),https://career.programmers.co.kr/job_positions/12637
잉클,산업용 설비 IoT 엣지 개발자,https://career.programmers.co.kr/job_positions/10098
쏘마,Detection Engineer,https://career.programmers.co.kr/job_positions/9709
쏘마,Data Engineer (데이터 엔지니어),https://career.programmers.co.kr/job_positions/9707
쏘마,Back-end Engineer (백엔드 엔지니어),https://career.programmers.co.kr/job_positions/9706
오케스트로,Open-source Engineer,https://career.programmers.co.kr/job_positions/13338
오케스트로,Cloud Infra Engineer,https://career.programmers.co.kr/job_positions/13541
오케스트로,Full Stack Developer (Public Cloud Platform Solution),https://career.programmers.co.kr/job_positions/13256
에너자이,(임베디드) 소프트웨어 & AI 컴파일러 엔지니어,https://career.programmers.co.kr/job_positions/11389
에너자이,ML Engineer/Researcher,https://career.programmers.co.kr/job_positions/11388
클레온,AI Deep Learning Engineer 딥러닝 엔지니어 (전문연구요원 가능),https://career.programmers.co.kr/job_positions/14595
오케스트로,Back-end Engineer,https://career.programmers.co.kr/job_positions/14576
디에스랩글로벌,웹 백엔드 개발자 (Python),https://career.programmers.co.kr/job_positions/13357
수호아이오,(Audit) Security Researcher,https://career.programmers.co.kr/job_positions/10287
페이타랩,[패스오더] 데이터 엔지니어(그로스해커),https://career.programmers.co.kr/job_positions/11973
퀀타매트릭스,머신러닝 엔지니어/ 데이터사이언티스트,https://career.programmers.co.kr/job_positions/14393
미리디,[미리디] Jr.백엔드 개발자 - 이미지 프로세싱,https://career.programmers.co.kr/job_positions/14098
아이비베리,서버/백엔드 개발,https://career.programmers.co.kr/job_positions/4549
어뮤즈랩,AI 미디어 개발자,https://career.programmers.co.kr/job_positions/14254
위시켓,[위시켓 개발팀] 웹 개발자,https://career.programmers.co.kr/job_positions/14485
로민,[로민] AI 솔루션 운영 개발자,https://career.programmers.co.kr/job_positions/11127
로민,"[로민] AI 솔루션, 자연어처리 개발자",https://career.programmers.co.kr/job_positions/11130
로민,"[로민] AI 솔루션, 컴퓨터비전 개발자",https://career.programmers.co.kr/job_positions/11129
에이스랩,자율주행 시스템 개발자 - 자율주행 데브코스 수강생 전용,https://career.programmers.co.kr/job_positions/13789
에이스랩,자율주행 소프트웨어 개발자 - 자율주행 데브코스 수강생 전용,https://career.programmers.co.kr/job_positions/13791
모두싸인,DevOps 엔지니어,https://career.programmers.co.kr/job_positions/3881
휴레이포지티브,[휴레이] 머신러닝 개발자,https://career.programmers.co.kr/job_positions/3616
페이타랩,"[패스오더] 백엔드(Spring, Python, MSA)개발자 (병역특례 산업기능요원 보충역/전직가능)",https://career.programmers.co.kr/job_positions/9647
일루미나리안,데브옵스 엔지니어(DevOps Engineer),https://career.programmers.co.kr/job_positions/7813
스페이스워크,Data Scientist,https://career.programmers.co.kr/job_positions/5091
인플루엔셜,[윌라] 백엔드 개발자,https://career.programmers.co.kr/job_positions/4039
클로봇,모바일 로봇 제어 SW 개발자,https://career.programmers.co.kr/job_positions/13069
클로봇,모바일 로봇 자율주행 SW 개발자,https://career.programmers.co.kr/job_positions/13068
단비교육,백엔드 주니어 개발자,https://career.programmers.co.kr/job_positions/14378
빅픽처팀,"NLP / TTS 연구원 , 데이터 엔지니어, 데이터 사이언스",https://career.programmers.co.kr/job_positions/12735
로그프레소,데이터베이스 엔진 개발자,https://career.programmers.co.kr/job_positions/14316
핀그램,소프트웨어 개발자,https://career.programmers.co.kr/job_positions/8411
콘캣,AI 기반 질병예측&챗봇 서비스 개발,https://career.programmers.co.kr/job_positions/14322
드림어스컴퍼니,[오디오플랫폼 FLO] Python 기반 빅데이터 처리 개발자,https://career.programmers.co.kr/job_positions/12321
111퍼센트,데이터 엔지니어,https://career.programmers.co.kr/job_positions/9439
Superb AI,Software Engineer (Customer Success),https://career.programmers.co.kr/job_positions/12637
잉클,산업용 설비 IoT 엣지 개발자,https://career.programmers.co.kr/job_positions/10098
쏘마,Detection Engineer,https://career.programmers.co.kr/job_positions/9709
쏘마,Data Engineer (데이터 엔지니어),https://career.programmers.co.kr/job_positions/9707
쏘마,Back-end Engineer (백엔드 엔지니어),https://career.programmers.co.kr/job_positions/9706
오케스트로,Open-source Engineer,https://career.programmers.co.kr/job_positions/13338
오케스트로,Cloud Infra Engineer,https://career.programmers.co.kr/job_positions/13541
오케스트로,Full Stack Developer (Public Cloud Platform Solution),https://career.programmers.co.kr/job_positions/13256
